Incubation time,T,Time,Add,Ash,CBC,CEC,NBC,PBC,OPBC,SSA,pHsoil,TP,OPsoil,TC,OC,Fertilizer type,Soil texture,ECsoil,P growth rate
120,,3,1.33,,63.27,108.75,0.67,0.067,28.6,,7.07,,17.21,,9,1,3,540,-0.048738532
120,,3,1.33,,63.27,108.75,0.67,0.067,28.6,,7.28,0.8,8.13,,8,1,1,510,1.150127226
120,,3,1.33,,63.27,108.75,0.67,0.067,28.6,,7.72,1.031,4.42,,7.5,1,5,1890,0.083129584
120,,3,0.66,,63.27,108.75,0.67,0.067,28.6,,7.07,0.979,17.21,,9,1,3,540,0.107798165
120,,3,0.66,,63.27,108.75,0.67,0.067,28.6,,7.28,0.8,8.13,,8,1,1,510,0.755725191
120,,3,0.66,,63.27,108.75,0.67,0.067,28.6,,7.72,1.031,4.42,,7.5,1,5,1890,0.041564792
60,,3,1.33,,63.27,108.75,0.67,0.067,28.6,,7.07,,17.21,,9,1,3,540,-0.133333333
60,,3,1.33,,63.27,108.75,0.67,0.067,28.6,,7.28,0.8,8.13,,8,1,1,510,0.180952381
60,,3,1.33,,63.27,108.75,0.67,0.067,28.6,,7.72,1.031,4.42,,7.5,1,5,1890,1.038860104
60,,3,0.66,,63.27,108.75,0.67,0.067,28.6,,7.07,,17.21,,9,1,3,540,-0.133333333
60,,3,0.66,,63.27,108.75,0.67,0.067,28.6,,7.28,,8.13,,8,1,1,510,-0.224761905
60,,3,0.66,,63.27,108.75,0.67,0.067,28.6,,7.72,1.031,4.42,,7.5,1,5,1890,0.64507772
14,,3,1.33,,63.27,108.75,0.67,0.067,28.6,,7.07,0.979,17.21,,9,1,3,540,0.044334975
14,,3,1.33,,63.27,108.75,0.67,0.067,28.6,,7.28,,8.13,,8,1,1,510,-0.023485785
14,,3,1.33,,63.27,108.75,0.67,0.067,28.6,,7.72,,4.42,,7.5,1,5,1890,-0.062992126
14,,3,0.66,,63.27,108.75,0.67,0.067,28.6,,7.07,0.979,17.21,,9,1,3,540,0.002955665
14,,3,0.66,,63.27,108.75,0.67,0.067,28.6,,7.28,0.8,8.13,,8,1,1,510,0.29789864
14,,3,0.66,,63.27,108.75,0.67,0.067,28.6,,7.72,1.031,4.42,,7.5,1,5,1890,0.217847769
90,450,2,2,,,36.19,,0.339,199.97,,5.4,0.31,8.68,,8.92,1,5,,0.007427393
90,450,2,2,,,29.13,,0.152,211.91,,5.4,0.31,8.68,,8.92,1,5,,0.000838632
90,450,2,2,,,46.38,,0.441,345.91,,5.4,0.31,8.68,,8.92,1,5,,-0.214064272
90,450,2,2,,,40.72,,0.586,641.7,,5.4,0.31,8.68,,8.92,1,5,,0.215344561
90,450,2,2,,,63.69,,1.881,1448.8,,5.4,0.31,8.68,,8.92,1,5,,0.483423269
90,450,2,2,,,36.19,,0.339,199.97,,6.2,0.36,5.09,,6.52,1,5,,0.008668444
90,450,2,2,,,29.13,,0.152,211.91,,6.2,0.36,5.09,,6.52,1,5,,0.004333617
90,450,2,2,,,46.38,,0.441,345.91,,6.2,0.36,5.09,,6.52,1,5,,-0.043343429
90,450,2,2,,,40.72,,0.586,641.7,,6.2,0.36,5.09,,6.52,1,5,,0.0824
90,450,2,2,,,63.69,,1.881,1448.8,,6.2,0.36,5.09,,6.52,1,5,,0.394425684
90,450,2,1,,,36.19,,0.339,199.97,,5.4,0.31,8.68,,8.92,1,5,,0.007185083
90,450,2,1,,,29.13,,0.152,211.91,,5.4,0.31,8.68,,8.92,1,5,,0.000598041
90,450,2,1,,,46.38,,0.441,345.91,,5.4,0.31,8.68,,8.92,1,5,,-0.169797216
90,450,2,1,,,40.72,,0.586,641.7,,5.4,0.31,8.68,,8.92,1,5,,0.081505413
90,450,2,1,,,63.69,,1.881,1448.8,,5.4,0.31,8.68,,8.92,1,5,,0.305131466
90,450,2,1,,,36.19,,0.339,199.97,,6.2,0.36,5.09,,6.52,1,5,,0
90,450,2,1,,,29.13,,0.152,211.91,,6.2,0.36,5.09,,6.52,1,5,,0
90,450,2,1,,,46.38,,0.441,345.91,,6.2,0.36,5.09,,6.52,1,5,,-0.026006541
90,450,2,1,,,40.72,,0.586,641.7,,6.2,0.36,5.09,,6.52,1,5,,0.030340158
90,450,2,1,,,63.69,,1.881,1448.8,,6.2,0.36,5.09,,6.52,1,5,,0.173374924
70,500,,2,,31.4,20,0.108,0.0569,297,,7.6,0.354,5.5,,33.4,2,5,410,0.390804598
70,500,,2,,31.4,20,0.108,0.0569,297,,7.6,0.354,5.5,,33.4,2,5,410,0.264367816
70,500,,2,,31.4,20,0.108,0.0569,297,,8,0.185,3.5,,9.3,1,3,180,0.402714932
70,500,,2,,31.4,20,0.108,0.0569,297,,8,0.185,3.5,,9.3,1,3,180,-0.00678733
70,500,,1,,31.4,20,0.108,0.0569,297,,7.6,0.354,5.5,,33.4,2,5,410,0.517241379
70,500,,1,,31.4,20,0.108,0.0569,297,,7.6,0.354,5.5,,33.4,2,5,410,0.183908046
70,500,,1,,31.4,20,0.108,0.0569,297,,8,0.185,3.5,,9.3,1,3,180,0.233031674
70,500,,1,,31.4,20,0.108,0.0569,297,,8,0.185,3.5,,9.3,1,3,180,-0.121040724
56,500,,2,,31.4,20,0.108,0.0569,297,,7.6,0.354,5.5,,33.4,2,5,410,0.211211211
56,500,,2,,31.4,20,0.108,0.0569,297,,7.6,0.354,5.5,,33.4,2,5,410,0.121121121
56,500,,2,,31.4,20,0.108,0.0569,297,,8,0.185,3.5,,9.3,1,3,180,0.494117647
56,500,,2,,31.4,20,0.108,0.0569,297,,8,0.185,3.5,,9.3,1,3,180,-0.032941176
56,500,,1,,31.4,20,0.108,0.0569,297,,7.6,0.354,5.5,,33.4,2,5,410,0.061061061
56,500,,1,,31.4,20,0.108,0.0569,297,,7.6,0.354,5.5,,33.4,2,5,410,0.041041041
56,500,,1,,31.4,20,0.108,0.0569,297,,8,0.185,3.5,,9.3,1,3,180,0.258823529
56,500,,1,,31.4,20,0.108,0.0569,297,,8,0.185,3.5,,9.3,1,3,180,-0.104705882
42,500,,2,,31.4,20,0.108,0.0569,297,,7.6,0.354,5.5,,33.4,2,5,410,0.142476698
42,500,,2,,31.4,20,0.108,0.0569,297,,7.6,0.354,5.5,,33.4,2,5,410,0.062583222
42,500,,2,,31.4,20,0.108,0.0569,297,,8,,3.5,,9.3,1,3,180,0.75900277
42,500,,2,,31.4,20,0.108,0.0569,297,,8,0.185,3.5,,9.3,1,3,180,-0.077562327
42,500,,1,,31.4,20,0.108,0.0569,297,,7.6,0.354,5.5,,33.4,2,5,410,0.517976032
42,500,,1,,31.4,20,0.108,0.0569,297,,7.6,0.354,5.5,,33.4,2,5,410,0.283621838
42,500,,1,,31.4,20,0.108,0.0569,297,,8,0.185,3.5,,9.3,1,3,180,0.620498615
42,500,,1,,31.4,20,0.108,0.0569,297,,8,0.185,3.5,,9.3,1,3,180,-0.225761773
28,500,,2,,31.4,20,0.108,0.0569,297,,7.6,0.354,5.5,,33.4,2,5,410,-0.005268704
28,500,,2,,31.4,20,0.108,0.0569,297,,7.6,0.354,5.5,,33.4,2,5,410,-0.111696523
28,500,,2,,31.4,20,0.108,0.0569,297,,8,0.185,3.5,,9.3,1,3,180,0.447963801
28,500,,2,,31.4,20,0.108,0.0569,297,,8,0.185,3.5,,9.3,1,3,180,0.056561086
28,500,,1,,31.4,20,0.108,0.0569,297,,7.6,0.354,5.5,,33.4,2,5,410,-0.144362487
28,500,,1,,31.4,20,0.108,0.0569,297,,7.6,0.354,5.5,,33.4,2,5,410,-0.318229715
28,500,,1,,31.4,20,0.108,0.0569,297,,8,0.185,3.5,,9.3,1,3,180,0.142533937
28,500,,1,,31.4,20,0.108,0.0569,297,,8,0.185,3.5,,9.3,1,3,180,-0.260180995
14,500,,2,,31.4,20,0.108,0.0569,297,,7.6,0.354,5.5,,33.4,2,5,410,-0.032887975
14,500,,2,,31.4,20,0.108,0.0569,297,,7.6,0.354,5.5,,33.4,2,5,410,-0.108941418
14,500,,2,,31.4,20,0.108,0.0569,297,,8,,3.5,,9.3,1,3,180,1.175379427
14,500,,2,,31.4,20,0.108,0.0569,297,,8,,3.5,,9.3,1,3,180,1.074198988
14,500,,1,,31.4,20,0.108,0.0569,297,,7.6,0.354,5.5,,33.4,2,5,410,0
14,500,,1,,31.4,20,0.108,0.0569,297,,7.6,0.354,5.5,,33.4,2,5,410,-0.246659815
14,500,,1,,31.4,20,0.108,0.0569,297,,8,0.185,3.5,,9.3,1,3,180,0.939291737
14,500,,1,,31.4,20,0.108,0.0569,297,,8,0.185,3.5,,9.3,1,3,180,-0.151770658
80,300,4,3,9.9,56.3,,1.57,0.082,2570,,4.34,0.32,14,1.63,0.51,1,1,,0.457353893
80,600,4,3,22.2,59.2,,1.28,0.151,360,,4.34,,14,1.63,0.51,1,1,,1.62393327
80,600,4,3,2.7,67.7,,0.35,0.014,620,,4.34,0.32,14,1.63,0.51,1,1,,-0.381466619
80,600,4,1,22.2,59.2,,1.28,0.151,360,,4.34,0.32,14,1.63,0.51,1,1,,0.156682276
80,300,4,1,1,59.2,,0.39,0.012,230,,4.34,0.32,14,1.63,0.51,1,1,,-0.237533504
80,600,4,1,2.7,67.7,,0.35,0.014,620,,4.34,0.32,14,1.63,0.51,1,1,,-0.345957978
40,300,4,3,9.9,56.3,,1.57,0.082,2570,,4.34,0.32,14,1.63,0.51,1,1,,0.985327901
40,600,4,3,22.2,59.2,,1.28,0.151,360,,4.34,,14,1.63,0.51,1,1,,2.455195126
40,300,4,3,1,59.2,,0.39,0.012,230,,4.34,0.32,14,1.63,0.51,1,1,,-0.19180326
40,600,4,3,2.7,67.7,,0.35,0.014,620,,4.34,0.32,14,1.63,0.51,1,1,,-0.218188899
40,300,4,1,9.9,56.3,,1.57,0.082,2570,,4.34,0.32,14,1.63,0.51,1,1,,0.300700946
40,600,4,1,22.2,59.2,,1.28,0.151,360,,4.34,0.32,14,1.63,0.51,1,1,,0.506248269
40,300,4,1,1,59.2,,0.39,0.012,230,,4.34,0.32,14,1.63,0.51,1,1,,0.038568776
40,600,4,1,2.7,67.7,,0.35,0.014,620,,4.34,0.32,14,1.63,0.51,1,1,,-0.155503356
7,300,4,3,9.9,56.3,,1.57,0.082,2570,,4.34,0.32,14,1.63,0.51,1,1,,0.954070582
7,600,4,3,22.2,59.2,,1.28,0.151,360,,4.34,,14,1.63,0.51,1,1,,1.81743605
7,300,4,3,1,59.2,,0.39,0.012,230,,4.34,0.32,14,1.63,0.51,1,1,,-0.030131227
7,600,4,3,2.7,67.7,,0.35,0.014,620,,4.34,0.32,14,1.63,0.51,1,1,,-0.013674778
7,300,4,1,9.9,56.3,,1.57,0.082,2570,,4.34,0.32,14,1.63,0.51,1,1,,0.128020555
7,600,4,1,22.2,59.2,,1.28,0.151,360,,4.34,0.32,14,1.63,0.51,1,1,,0.689415495
7,300,4,1,1,59.2,,0.39,0.012,230,,4.34,0.32,14,1.63,0.51,1,1,,-0.090379525
7,600,4,1,2.7,67.7,,0.35,0.014,620,,4.34,0.32,14,1.63,0.51,1,1,,0.007184213
345,500,2,0.45,,,30.31,1.4,0.92,,,7.97,,6,,8,2,4,1320,0.362723214
345,500,2,0.45,,,30.31,1.4,0.92,,,7.97,,6,,8,2,4,1320,0.214146658
345,500,2,0.45,,,30.31,1.4,0.92,,,7.97,,6,,8,2,4,1320,0.117679406
345,500,2,0.45,,,30.31,1.4,0.92,,,7.97,,6,,8,2,4,1320,0.115925059
120,400,2,1,,,40.2,0.46,0.0689,26.8,,8,0.339,20,,4.5,1,6,183,0.546877762
120,400,2,1,,,40.2,0.46,0.0689,26.8,,8,,20,,4.5,2,6,183,1.125002455
7,400,2,1,,,40.2,0.46,0.0689,26.8,,8,0.339,20,,4.5,1,6,183,0.515152381
7,400,2,1,,,40.2,0.46,0.0689,26.8,,8,,20,,4.5,2,6,183,1.287880952
0,400,2,1,,,40.2,0.46,0.0689,26.8,,8,0.339,20,,4.5,1,6,183,0.032517043
0,400,2,1,,,40.2,0.46,0.0689,26.8,,8,,20,,4.5,2,6,183,2.585362987
85,,,,,63.7,,2.8,2.6,,,4.29,,4.2,3.35,,2,6,,0.198428291
75,,,,,63.7,,2.8,2.6,,,4.29,,4.2,3.35,,2,6,,0.92394822
90,300,1,6,22.6,47.73,128.7,0.68,0.11,400,18.72,4.6,,11.5,,27,1,1,160,2.4957
90,600,1,6,35.6,53.62,75,0.67,0.21,700,98.72,4.6,,11.5,,27,1,1,160,4.087
90,300,1,6,22.6,47.73,128.7,0.68,0.11,400,18.72,6,,10.4,,48,1,2,190,2.5096
90,600,1,6,35.6,53.62,75,0.67,0.21,700,98.72,6,,10.4,,48,1,2,190,3.7885
90,300,1,6,22.6,47.73,128.7,0.68,0.11,400,18.72,7.4,,7.7,,12,1,1,220,3.7662
90,600,1,6,35.6,53.62,75,0.67,0.21,700,98.72,7.4,,7.7,,12,1,1,220,5.6494
90,300,1,6,22.6,47.73,128.7,0.68,0.11,400,18.72,8.3,,5.9,,13,1,2,360,4.0847
90,600,1,6,35.6,53.62,75,0.67,0.21,700,98.72,8.3,,5.9,,13,1,2,360,6.5254
90,300,1,3,22.6,47.73,128.7,0.68,0.11,400,18.72,4.6,,11.5,,27,1,1,160,1.6261
90,600,1,3,35.6,53.62,75,0.67,0.21,700,98.72,4.6,,11.5,,27,1,1,160,2.3217
90,300,1,3,22.6,47.73,128.7,0.68,0.11,400,18.72,6,,10.4,,48,1,2,190,1.4038
90,600,1,3,35.6,53.62,75,0.67,0.21,700,98.72,6,,10.4,,48,1,2,190,2.2885
90,300,1,3,22.6,47.73,128.7,0.68,0.11,400,18.72,7.4,,7.7,,12,1,1,220,2.2078
90,600,1,3,35.6,53.62,75,0.67,0.21,700,98.72,7.4,,7.7,,12,1,1,220,3.2208
90,300,1,3,22.6,47.73,128.7,0.68,0.11,400,18.72,8.3,,5.9,,13,1,2,360,2.4237
90,600,1,3,35.6,53.62,75,0.67,0.21,700,98.72,8.3,,5.9,,13,1,2,360,3.6271
60,,4,1.5,,,,2.38,,7662.57,,5.45,,2.93,,,1,5,,6.887323944
60,,4,1,,,,2.38,,7662.57,,5.45,,2.93,,,1,6,,5.244131455
60,,4,0.5,,,,2.38,,7662.57,,5.45,,2.93,,,1,5,,1.924882629
180,500,6,0.45,38.2,31,,0.67,0.21,,,8.5,,12.87,,3.4,1,3,770,0.183448276
180,300,6,0.45,58.8,27.57,,0.62,0.31,,,8.5,,12.87,,3.4,1,3,770,0.255862069
180,500,6,0.45,26.3,38.1,,0.153,0.36,,,8.5,,12.87,,3.4,1,3,770,0.006896552
180,300,6,0.45,62.5,25.2,,0.12,0.37,,,8.5,,12.87,,3.4,1,3,770,0.351724138
180,500,3,0.45,34,36.2,,0.68,0.19,,,8.5,,12.87,,3.4,1,3,770,0.144827586
180,300,3,0.45,42.6,30.6,,0.66,0.26,,,8.5,,12.87,,3.4,1,3,770,0.222068966
180,500,3,0.45,20.6,43.4,,0.183,0.34,,,8.5,,12.87,,3.4,1,3,770,0.186206897
180,300,3,0.45,48.4,30.4,,0.15,0.37,,,8.5,,12.87,,3.4,1,3,770,0.144827586
180,500,1,0.45,33.1,41,,0.71,0.19,,,8.5,,12.87,,3.4,1,3,770,0.24137931
180,300,1,0.45,31.2,36.9,,0.72,0.21,,,8.5,,12.87,,3.4,1,3,770,0.294482759
180,500,1,0.45,17.5,52.1,,0.2,0.27,,,8.5,,12.87,,3.4,1,3,770,0.593103448
180,300,1,0.45,33.2,36.3,,0.183,0.33,,,8.5,,12.87,,3.4,1,3,770,0.275862069
120,500,6,0.45,38.2,31,,0.67,0.21,,,8.5,,12.87,,3.4,1,3,770,0.286713287
120,300,6,0.45,58.8,27.57,,0.62,0.31,,,8.5,,12.87,,3.4,1,3,770,0.251748252
120,500,6,0.45,26.3,38.1,,0.153,0.36,,,8.5,,12.87,,3.4,1,3,770,0.202797203
120,300,6,0.45,62.5,25.2,,0.12,0.37,,,8.5,,12.87,,3.4,1,3,770,1.118881119
120,500,3,0.45,34,36.2,,0.68,0.19,,,8.5,,12.87,,3.4,1,3,770,0.286713287
120,300,3,0.45,42.6,30.6,,0.66,0.26,,,8.5,,12.87,,3.4,1,3,770,0.594405594
120,500,3,0.45,20.6,43.4,,0.183,0.34,,,8.5,,12.87,,3.4,1,3,770,0.244755245
120,300,3,0.45,48.4,30.4,,0.15,0.37,,,8.5,,12.87,,3.4,1,3,770,0.454545455
120,500,1,0.45,33.1,41,,0.71,0.19,,,8.5,,12.87,,3.4,1,3,770,0.20979021
120,300,1,0.45,31.2,36.9,,0.72,0.21,,,8.5,,12.87,,3.4,1,3,770,0.272727273
120,500,1,0.45,17.5,52.1,,0.2,0.27,,,8.5,,12.87,,3.4,1,3,770,0.293706294
120,300,1,0.45,33.2,36.3,,0.183,0.33,,,8.5,,12.87,,3.4,1,3,770,0.125874126
60,500,6,0.45,38.2,31,,0.67,0.21,,,8.5,,12.87,,3.4,1,3,770,1.400932401
60,300,6,0.45,58.8,27.57,,0.62,0.31,,,8.5,,12.87,,3.4,1,3,770,1.078477078
60,500,6,0.45,26.3,38.1,,0.153,0.36,,,8.5,,12.87,,3.4,1,3,770,1.111888112
60,300,6,0.45,62.5,25.2,,0.12,0.37,,,8.5,,12.87,,3.4,1,3,770,1.856254856
60,500,3,0.45,34,36.2,,0.68,0.19,,,8.5,,12.87,,3.4,1,3,770,1.307692308
60,300,3,0.45,42.6,30.6,,0.66,0.26,,,8.5,,12.87,,3.4,1,3,770,1.351981352
60,500,3,0.45,20.6,43.4,,0.183,0.34,,,8.5,,12.87,,3.4,1,3,770,1.64024864
60,300,3,0.45,48.4,30.4,,0.15,0.37,,,8.5,,12.87,,3.4,1,3,770,1.895104895
60,500,1,0.45,33.1,41,,0.71,0.19,,,8.5,,12.87,,3.4,1,3,770,1.400932401
60,300,1,0.45,31.2,36.9,,0.72,0.21,,,8.5,,12.87,,3.4,1,3,770,1.602175602
60,500,1,0.45,17.5,52.1,,0.2,0.27,,,8.5,,12.87,,3.4,1,3,770,0.212121212
60,300,1,0.45,33.2,36.3,,0.183,0.33,,,8.5,,12.87,,3.4,1,3,770,1.294483294
345,,,,,,,0.952,1.089,,,8.24,,2.48,,12.71,2,2,160,0.475757576
345,,,,,,,0.952,1.089,,,8.24,,2.48,,12.71,3,2,160,0.337719298
345,,,,,,,0.952,1.089,,,8.24,,2.48,,12.71,4,2,160,0.394117647
345,,,,,,,0.952,1.089,,,8.24,,2.48,,12.71,4,2,160,0.306151645
60,400,,5,33,46,41,0.11,0.7,,13.8,4.5,,3,,2.7,2,5,110,2.127231026
60,400,,5,33,46,41,0.11,0.7,,13.8,7.3,,8,,5,2,3,250,1.732166824
60,400,,5,33,46,41,0.11,0.7,,13.8,10,,6,,3.6,2,5,400,2.27034717
60,400,,2.5,33,46,41,0.11,0.7,,13.8,4.5,,3,,2.7,2,5,110,2.673097544
60,400,,2.5,33,46,41,0.11,0.7,,13.8,7.3,,8,,5,2,3,250,4.684948998
60,400,,2.5,33,46,41,0.11,0.7,,13.8,10,,6,,3.6,2,5,400,4.535286285
90,400,,4,33,46,41,0.11,0.7,,13.8,7.3,,8,,4.2,2,3,300,4.762539319
90,400,,4,33,46,41,0.11,0.7,,13.8,7.3,,15,,5,2,3,300,5.50417526
90,400,,4,33,46,41,0.11,0.7,,13.8,7.3,,15,,5,2,3,300,2.886148708
90,400,,2,33,46,41,0.11,0.7,,13.8,7.3,,8,,4.2,1,3,300,7.065402407
90,400,,2,33,46,41,0.11,0.7,,13.8,7.3,,8,,4.2,2,3,300,5.602796943
90,400,,2,33,46,41,0.11,0.7,,13.8,7.3,,8,,4.2,2,3,300,2.633506864
90,400,,2,33,46,41,0.11,0.7,,13.8,7.3,,15,,5,1,3,300,5.357216785
90,400,,2,33,46,41,0.11,0.7,,13.8,7.3,,15,,5,2,3,300,3.091033647
90,400,,2,33,46,41,0.11,0.7,,13.8,7.3,,15,,5,2,3,300,1.651037486
90,400,,1,33,46,41,0.11,0.7,,13.8,7.3,,8,,4.2,1,3,300,4.209736818
90,400,,1,33,46,41,0.11,0.7,,13.8,7.3,,8,,4.2,2,3,300,3.243394388
90,400,,1,33,46,41,0.11,0.7,,13.8,7.3,,8,,4.2,2,3,300,0.949269708
90,400,,1,33,46,41,0.11,0.7,,13.8,7.3,,15,,5,1,3,300,3.23763129
90,400,,1,33,46,41,0.11,0.7,,13.8,7.3,,15,,5,2,3,300,1.624396066
90,400,,1,33,46,41,0.11,0.7,,13.8,7.3,,15,,5,2,3,300,0.658307731
370,450,5,3,,57.7,45.8,,0.3014,195,,7.8,0.626,3.98,0.136,6.71,1,3,2.36,2.32
370,450,5,3,,57.7,45.8,,0.3014,195,,7.8,0.626,3.98,0.136,6.71,1,3,2.36,2.05
70,500,2,1,,,15.2,,0.1164,714,,6.27,0.652,62.8,,29.1,1,5,,1.188709677
70,500,2,1,,,15.2,,0.1164,714,,6.27,0.652,62.8,,29.1,2,5,,1.088709677
56,,,8,,53.71,,,0.68,,49.48,4.83,,28.43,,,2,4,,-0.02633326
56,,,5,,53.71,,,0.68,,49.48,4.83,,28.43,,,2,4,,0.040053109
56,,,3,,53.71,,,0.68,,49.48,4.83,,28.43,,,2,4,,0.059526444
56,,,1,,53.71,,,0.68,,49.48,4.83,,28.43,,,2,4,,0.043815003
28,,,8,,53.71,,,0.68,,49.48,4.83,,28.43,,,2,4,,-0.003878343
28,,,5,,53.71,,,0.68,,49.48,4.83,,28.43,,,2,4,,0.119412125
28,,,3,,53.71,,,0.68,,49.48,4.83,,28.43,,,2,4,,0.138803838
28,,,1,,53.71,,,0.68,,49.48,4.83,,28.43,,,2,4,,0.075729741
14,,,8,,53.71,,,0.68,,49.48,4.83,,28.43,,,2,4,,0.008439422
14,,,5,,53.71,,,0.68,,49.48,4.83,,28.43,,,2,4,,0.022743527
14,,,3,,53.71,,,0.68,,49.48,4.83,,28.43,,,2,4,,-0.020168788
14,,,1,,53.71,,,0.68,,49.48,4.83,,28.43,,,2,4,,-0.027320841
7,,,8,,53.71,,,0.68,,49.48,4.83,,28.43,,,2,4,,-0.01875
7,,,5,,53.71,,,0.68,,49.48,4.83,,28.43,,,2,4,,0.05
7,,,3,,53.71,,,0.68,,49.48,4.83,,28.43,,,2,4,,0.1
7,,,1,,53.71,,,0.68,,49.48,4.83,,28.43,,,2,4,,0.025
42,400,1.5,8,,,,,0.331,,,5.83,0.63,28.79,,,1,5,,2.883613634
42,400,1.5,8,,,,,0.331,,,8.26,0.87,16.03,,,1,4,,8.963433681
42,400,1.5,4,,,,,0.331,,,5.83,0.63,28.79,,,1,5,,1.665576459
42,400,1.5,4,,,,,0.331,,,8.26,0.87,16.03,,,1,4,,6.043020941
42,400,1.5,4,,,,,0.331,,,8.27,0.84,12.62,,,1,4,,9.032779542
42,400,1.5,2,,,,,0.331,,,5.83,0.63,28.79,,,1,5,,0.863886584
42,400,1.5,2,,,,,0.331,,,8.26,0.87,16.03,,,1,4,,3.071526385
42,400,1.5,2,,,,,0.331,,,8.27,0.84,12.62,,,1,4,,4.901632161
28,400,1.5,8,,,,,0.331,,,5.83,0.63,28.79,,,1,5,,2.552964606
28,400,1.5,4,,,,,0.331,,,5.83,0.63,28.79,,,1,5,,1.215150889
28,400,1.5,4,,,,,0.331,,,8.27,0.84,12.62,,,1,4,,9.363633705
28,400,1.5,2,,,,,0.331,,,5.83,0.63,28.79,,,1,5,,0.683947999
28,400,1.5,2,,,,,0.331,,,6.38,0.84,3.01,,,1,4,,6.386833159
28,400,1.5,2,,,,,0.331,,,8.27,0.84,12.62,,,1,4,,4.371210579
21,400,1.5,8,,,,,0.331,,,5.83,0.63,28.79,,,1,5,,4.134391671
21,400,1.5,4,,,,,0.331,,,5.83,0.63,28.79,,,1,5,,2.119950827
21,400,1.5,4,,,,,0.331,,,8.26,0.87,16.03,,,1,4,,7.412218921
21,400,1.5,2,,,,,0.331,,,5.83,0.63,28.79,,,1,5,,0.917266788
21,400,1.5,2,,,,,0.331,,,6.38,0.84,3.01,,,1,4,,4.86502791
21,400,1.5,2,,,,,0.331,,,8.26,0.87,16.03,,,1,4,,3.584164398
21,400,1.5,2,,,,,0.331,,,8.27,0.84,12.62,,,1,4,,6.438770299
14,400,1.5,8,,,,,0.331,,,5.83,0.63,28.79,,,1,5,,3.218139133
14,400,1.5,4,,,,,0.331,,,5.83,0.63,28.79,,,1,5,,1.923969263
14,400,1.5,4,,,,,0.331,,,6.38,0.84,3.01,,,1,4,,8.03342113
14,400,1.5,4,,,,,0.331,,,8.26,0.87,16.03,,,1,4,,6.605170038
14,400,1.5,4,,,,,0.331,,,8.27,0.84,12.62,,,1,4,,7.94444088
14,400,1.5,2,,,,,0.331,,,5.83,0.63,28.79,,,1,5,,0.883768952
14,400,1.5,2,,,,,0.331,,,6.38,0.84,3.01,,,1,4,,3.717822651
14,400,1.5,2,,,,,0.331,,,8.26,0.87,16.03,,,1,4,,3.215197229
14,400,1.5,2,,,,,0.331,,,8.27,0.84,12.62,,,1,4,,3.777772685
7,400,1.5,8,,,,,0.331,,,5.83,0.63,28.79,,,1,5,,3.271696087
7,400,1.5,8,,,,,0.331,,,8.26,0.87,16.03,,,1,4,,9.444447366
7,400,1.5,4,,,,,0.331,,,5.83,0.63,28.79,,,1,5,,2.023782871
7,400,1.5,4,,,,,0.331,,,8.26,0.87,16.03,,,1,4,,6.195222947
7,400,1.5,4,,,,,0.331,,,8.27,0.84,12.62,,,1,4,,7.005170583
7,400,1.5,2,,,,,0.331,,,5.83,0.63,28.79,,,1,5,,0.990543146
7,400,1.5,2,,,,,0.331,,,6.38,0.84,3.01,,,1,4,,5.849910975
7,400,1.5,2,,,,,0.331,,,8.26,0.87,16.03,,,1,4,,3.139768903
7,400,1.5,2,,,,,0.331,,,8.27,0.84,12.62,,,1,4,,3.533693428
390,500,0.5,15,,,,0.49,0.038,287.12,,5.39,0.246,2.82,,,1,1,,1.396745899
390,500,0.5,15,,,,0.49,0.038,287.12,,7.94,0.223,7.79,,,1,3,,-0.01563404
390,500,0.5,15,,,,0.49,0.038,287.12,,8.35,0.309,15.25,,,1,3,,0.154715214
240,500,0.5,15,,,,0.49,0.038,287.12,,5.39,,2.82,,,1,1,,2.550349963
240,500,0.5,15,,,,0.49,0.038,287.12,,7.94,0.223,7.79,,,1,3,,0.001209573
240,500,0.5,15,,,,0.49,0.038,287.12,,8.35,0.309,15.25,,,1,3,,0.055477101
150,500,0.5,15,,,,0.49,0.038,287.12,,5.39,,2.82,,,1,1,,3.373681527
150,500,0.5,15,,,,0.49,0.038,287.12,,7.94,0.223,7.79,,,1,3,,-0.020283393
150,500,0.5,15,,,,0.49,0.038,287.12,,8.35,0.309,15.25,,,1,3,,-0.222252334
90,500,0.5,15,,,,0.49,0.038,287.12,,5.39,,2.82,,,1,1,,2.459955965
90,500,0.5,15,,,,0.49,0.038,287.12,,7.94,0.223,7.79,,,1,3,,-0.043128643
90,500,0.5,15,,,,0.49,0.038,287.12,,8.35,0.309,15.25,,,1,3,,-0.230963561
60,500,0.5,15,,,,0.49,0.038,287.12,,5.39,,2.82,,,1,1,,1.668016127
60,500,0.5,15,,,,0.49,0.038,287.12,,7.94,0.223,7.79,,,1,3,,0.099258333
60,500,0.5,15,,,,0.49,0.038,287.12,,8.35,0.309,15.25,,,1,3,,0.012542412
30,500,0.5,15,,,,0.49,0.038,287.12,,5.39,,2.82,,,1,1,,1.944320071
30,500,0.5,15,,,,0.49,0.038,287.12,,7.94,0.223,7.79,,,1,3,,0.318912695
30,500,0.5,15,,,,0.49,0.038,287.12,,8.35,0.309,15.25,,,1,3,,0.560720345
45,450,4,1.5,,,,,0.127,104,267,6.83,1.13,41,,,1,1,,0.036735427
45,600,4,1.5,,,,,0.484,1418,91,6.83,1.13,41,,,1,1,,0.325468698
45,450,4,1.5,,,,,0.463,1442,22,6.83,1.13,41,,,1,1,,0.176007217
45,300,4,1.5,,,,,0.456,1463,3,6.83,1.13,41,,,1,1,,0.212390084
30,450,4,1.5,,,,,0.127,104,267,6.83,,41,,,1,1,,-0.013626969
30,600,4,1.5,,,,,0.484,1418,91,6.83,1.13,41,,,1,1,,0.321579535
30,450,4,1.5,,,,,0.463,1442,22,6.83,1.13,41,,,1,1,,0.267862343
30,300,4,1.5,,,,,0.456,1463,3,6.83,1.13,41,,,1,1,,0.215225284
20,450,4,1.5,,,,,0.127,104,267,6.83,1.13,41,,,1,1,,0.040533788
20,600,4,1.5,,,,,0.484,1418,91,6.83,1.13,41,,,1,1,,0.370367375
20,450,4,1.5,,,,,0.463,1442,22,6.83,1.13,41,,,1,1,,0.278169634
20,300,4,1.5,,,,,0.456,1463,3,6.83,1.13,41,,,1,1,,0.252779845
15,450,4,1.5,,,,,0.127,104,267,6.83,,41,,,1,1,,-0.018765713
15,600,4,1.5,,,,,0.484,1418,91,6.83,1.13,41,,,1,1,,0.294092004
15,450,4,1.5,,,,,0.463,1442,22,6.83,1.13,41,,,1,1,,0.13891175
15,300,4,1.5,,,,,0.456,1463,3,6.83,1.13,41,,,1,1,,0.225226139
10,450,4,1.5,,,,,0.127,104,267,6.83,,41,,,1,1,,-0.016583006
10,600,4,1.5,,,,,0.484,1418,91,6.83,1.13,41,,,1,1,,0.321333275
10,450,4,1.5,,,,,0.463,1442,22,6.83,1.13,41,,,1,1,,0.153128812
10,300,4,1.5,,,,,0.456,1463,3,6.83,1.13,41,,,1,1,,0.230728212
6,450,4,1.5,,,,,0.127,104,267,6.83,,41,,,1,1,,-0.089540412
6,600,4,1.5,,,,,0.484,1418,91,6.83,1.13,41,,,1,1,,0.418142557
6,450,4,1.5,,,,,0.463,1442,22,6.83,1.13,41,,,1,1,,0.103754831
6,300,4,1.5,,,,,0.456,1463,3,6.83,1.13,41,,,1,1,,0.175531274
3,450,4,1.5,,,,,0.127,104,267,6.83,,41,,,1,1,,-0.056796299
3,600,4,1.5,,,,,0.484,1418,91,6.83,1.13,41,,,1,1,,0.462538673
3,450,4,1.5,,,,,0.463,1442,22,6.83,1.13,41,,,1,1,,0.21726471
3,300,4,1.5,,,,,0.456,1463,3,6.83,1.13,41,,,1,1,,0.269587972
1,450,4,1.5,,,,,0.127,104,267,6.83,,41,,,1,1,,-0.081017709
1,600,4,1.5,,,,,0.484,1418,91,6.83,1.13,41,,,1,1,,0.367662857
1,450,4,1.5,,,,,0.463,1442,22,6.83,1.13,41,,,1,1,,0.367210005
1,300,4,1.5,,,,,0.456,1463,3,6.83,1.13,41,,,1,1,,0.25573801
30,400,2,2,38,45.77,,3.26,0.424,,,6.45,0.88,153.52,1.203,,1,5,,0.5408
30,400,2,2,17.61,55.45,,3.55,1.687,,,6.45,0.88,153.52,1.203,,1,5,,0.22527541
30,400,2,2,38,45.77,,3.26,0.424,,,6.6,,38.04,1.834,,1,5,,5.610503742
30,400,2,2,17.61,55.45,,3.55,1.687,,,6.6,0.38,38.04,1.834,,1,5,,0.904832064
30,400,2,2,38,45.77,,3.26,0.424,,,7.06,0.63,45.38,0.709,,1,5,,7.948625464
30,400,2,2,17.61,55.45,,3.55,1.687,,,7.06,0.63,45.38,0.709,,1,5,,2.094856354
30,400,2,1,45.1,36.7,,3.22,2.524,,,6.45,0.88,153.52,1.203,,1,5,,0.28657109
30,400,2,1,38,45.77,,3.26,0.424,,,6.45,0.88,153.52,1.203,,1,5,,0.26711266
30,400,2,1,17.61,55.45,,3.55,1.687,,,6.45,0.88,153.52,1.203,,1,5,,0.093328
30,400,2,1,45.1,36.7,,3.22,2.524,,,6.6,,38.04,1.834,,1,5,,5.546020121
30,400,2,1,38,45.77,,3.26,0.424,,,6.6,,38.04,1.834,,1,5,,3.109401517
30,400,2,1,17.61,55.45,,3.55,1.687,,,6.6,0.38,38.04,1.834,,1,5,,0.341512513
30,400,2,1,45.1,36.7,,3.22,2.524,,,7.06,0.63,45.38,0.709,,1,5,,6.110677173
30,400,2,1,38,45.77,,3.26,0.424,,,7.06,0.63,45.38,0.709,,1,5,,4.229251486
30,400,2,1,17.61,55.45,,3.55,1.687,,,7.06,0.63,45.38,0.709,,1,5,,1.118578736
15,400,2,2,38,45.77,,3.26,0.424,,,6.45,0.88,153.52,1.203,,1,5,,0.72990377
15,400,2,2,17.61,55.45,,3.55,1.687,,,6.45,0.88,153.52,1.203,,1,5,,0.51425
15,400,2,2,38,45.77,,3.26,0.424,,,6.45,0.88,153.52,1.203,,1,5,,0.21233595
15,400,2,2,38,45.77,,3.26,0.424,,,6.6,,38.04,1.834,,1,5,,5.097706511
15,400,2,2,17.61,55.45,,3.55,1.687,,,6.6,0.38,38.04,1.834,,1,5,,0.81051933
15,400,2,2,38,45.77,,3.26,0.424,,,7.06,0.63,45.38,0.709,,1,5,,9.008242846
15,400,2,2,17.61,55.45,,3.55,1.687,,,7.06,0.63,45.38,0.709,,1,5,,2.082317944
15,400,2,1,45.1,36.7,,3.22,2.524,,,6.45,0.88,153.52,1.203,,1,5,,0.354997
15,400,2,1,38,45.77,,3.26,0.424,,,6.45,0.88,153.52,1.203,,1,5,,0.2886397
15,400,2,1,17.61,55.45,,3.55,1.687,,,6.45,0.88,153.52,1.203,,1,5,,0.09636
15,400,2,1,45.1,36.7,,3.22,2.524,,,6.6,,38.04,1.834,,1,5,,3.932720251
15,400,2,1,38,45.77,,3.26,0.424,,,6.6,,38.04,1.834,,1,5,,2.690574933
15,400,2,1,17.61,55.45,,3.55,1.687,,,6.6,0.38,38.04,1.834,,1,5,,0.340579008
15,400,2,1,45.1,36.7,,3.22,2.524,,,7.06,0.63,45.38,0.709,,1,5,,6.399174794
15,400,2,1,38,45.77,,3.26,0.424,,,7.06,0.63,45.38,0.709,,1,5,,4.18106632
15,400,2,1,17.61,55.45,,3.55,1.687,,,7.06,0.38,45.38,0.709,,1,5,,1.185187743
7,400,2,2,45.1,36.7,,3.22,2.524,,,6.45,0.88,153.52,1.203,,1,5,,0.9106195
7,400,2,2,38,45.77,,3.26,0.424,,,6.45,0.88,153.52,1.203,,1,5,,0.50509
7,400,2,2,17.61,55.45,,3.55,1.687,,,6.45,0.88,153.52,1.203,,1,5,,0.217069
7,400,2,2,45.1,36.7,,3.22,2.524,,,6.6,,38.04,1.834,,1,5,,6.885125648
7,400,2,2,38,45.77,,3.26,0.424,,,6.6,,38.04,1.834,,1,5,,4.342765404
7,400,2,2,17.61,55.45,,3.55,1.687,,,6.6,0.38,38.04,1.834,,1,5,,0.745028864
7,400,2,2,45.1,36.7,,3.22,2.524,,,7.06,0.63,45.38,0.709,,1,5,,7.259845763
7,400,2,2,38,45.77,,3.26,0.424,,,7.06,0.63,45.38,0.709,,1,5,,7.732270578
7,400,2,2,17.61,55.45,,3.55,1.687,,,7.06,0.63,45.38,0.709,,1,5,,1.724411149
7,400,2,1,45.1,36.7,,3.22,2.524,,,6.45,0.88,153.52,1.203,,1,5,,0.30952125
7,400,2,1,38,45.77,,3.26,0.424,,,6.45,0.88,153.52,1.203,,1,5,,0.13528371
7,400,2,1,17.61,55.45,,3.55,1.687,,,6.45,,153.52,1.203,,1,5,,-0.0425
7,400,2,1,45.1,36.7,,3.22,2.524,,,6.6,0.38,38.04,1.834,,1,5,,4.507595633
7,400,2,1,38,45.77,,3.26,0.424,,,6.6,0.38,38.04,1.834,,1,5,,2.397917606
7,400,2,1,17.61,55.45,,3.55,1.687,,,6.6,0.38,38.04,1.834,,1,5,,0.213647023
7,400,2,1,45.1,36.7,,3.22,2.524,,,7.06,0.63,45.38,0.709,,1,5,,4.673216925
7,400,2,1,38,45.77,,3.26,0.424,,,7.06,0.63,45.38,0.709,,1,5,,4.051181007
7,400,2,1,17.61,55.45,,3.55,1.687,,,7.06,0.63,45.38,0.709,,1,5,,1.129920679
3,400,2,2,45.1,36.7,,3.22,2.524,,,6.45,0.88,153.52,1.203,,1,5,,0.86072526
3,400,2,2,38,45.77,,3.26,0.424,,,6.45,0.88,153.52,1.203,,1,5,,0.55586683
3,400,2,2,17.61,55.45,,3.55,1.687,,,6.45,0.88,153.52,1.203,,1,5,,0.2353994
3,400,2,2,45.1,36.7,,3.22,2.524,,,6.6,,38.04,1.834,,1,5,,6.41343752
3,400,2,2,38,45.77,,3.26,0.424,,,6.6,,38.04,1.834,,1,5,,4.414307833
3,400,2,2,17.61,55.45,,3.55,1.687,,,6.6,0.38,38.04,1.834,,1,5,,0.875580885
3,400,2,2,45.1,36.7,,3.22,2.524,,,7.06,0.63,45.38,0.709,,1,5,,5.662746509
3,400,2,2,38,45.77,,3.26,0.424,,,7.06,0.63,45.38,0.709,,1,5,,4.003927471
3,400,2,2,17.61,55.45,,3.55,1.687,,,7.06,0.63,45.38,0.709,,1,5,,1.494119764
3,400,2,1,45.1,36.7,,3.22,2.524,,,6.45,0.88,153.52,1.203,,1,5,,0.23943297
3,400,2,1,38,45.77,,3.26,0.424,,,6.45,0.88,153.52,1.203,,1,5,,0.13927474
3,400,2,1,17.61,55.45,,3.55,1.687,,,6.45,0.88,153.52,1.203,,1,5,,0.00385848
3,400,2,1,45.1,36.7,,3.22,2.524,,,6.6,,38.04,1.834,,1,5,,3.865754813
3,400,2,1,38,45.77,,3.26,0.424,,,6.6,0.38,38.04,1.834,,1,5,,1.987409757
3,400,2,1,17.61,55.45,,3.55,1.687,,,6.6,0.38,38.04,1.834,,1,5,,0.171904723
3,400,2,1,45.1,36.7,,3.22,2.524,,,7.06,0.63,45.38,0.709,,1,5,,3.258826937
3,400,2,1,38,45.77,,3.26,0.424,,,7.06,0.63,45.38,0.709,,1,5,,2.474517513
3,400,2,1,17.61,55.45,,3.55,1.687,,,7.06,0.63,45.38,0.709,,1,5,,0.803922644
1,400,2,2,45.1,36.7,,3.22,2.524,,,6.45,0.88,153.52,1.203,,1,5,,0.7605251
1,400,2,2,38,45.77,,3.26,0.424,,,6.45,0.88,153.52,1.203,,1,5,,0.5364933
1,400,2,2,17.61,55.45,,3.55,1.687,,,6.45,0.88,153.52,1.203,,1,5,,0.18947457
1,400,2,2,45.1,36.7,,3.22,2.524,,,6.6,,38.04,1.834,,1,5,,4.811746469
1,400,2,2,38,45.77,,3.26,0.424,,,6.6,,38.04,1.834,,1,5,,3.776579679
1,400,2,2,17.61,55.45,,3.55,1.687,,,6.6,0.38,38.04,1.834,,1,5,,0.905677396
1,400,2,2,45.1,36.7,,3.22,2.524,,,7.06,0.63,45.38,0.709,,1,5,,5.368216062
1,400,2,2,38,45.77,,3.26,0.424,,,7.06,0.63,45.38,0.709,,1,5,,3.872095696
1,400,2,2,17.61,55.45,,3.55,1.687,,,7.06,0.63,45.38,0.709,,1,5,,1.29069712
1,400,2,1,45.1,36.7,,3.22,2.524,,,6.45,0.88,153.52,1.203,,1,5,,0.17
1,400,2,1,38,45.77,,3.26,0.424,,,6.45,,153.52,1.203,,1,5,,0.127196
1,400,2,1,17.61,55.45,,3.55,1.687,,,6.45,,153.52,1.203,,1,5,,-0.03492076
1,400,2,1,45.1,36.7,,3.22,2.524,,,6.6,0.38,38.04,1.834,,1,5,,2.870643244
1,400,2,1,17.61,55.45,,3.55,1.687,,,6.6,0.38,38.04,1.834,,1,5,,0.240747713
1,400,2,1,45.1,36.7,,3.22,2.524,,,7.06,0.63,45.38,0.709,,1,5,,3.124035513
1,400,2,1,38,45.77,,3.26,0.424,,,7.06,0.63,45.38,0.709,,1,5,,2.306211318
1,400,2,1,17.61,55.45,,3.55,1.687,,,7.06,0.63,45.38,0.709,,1,5,,0.705425415
70,,,8,37.3,51.8,,1.11,,,282,5.18,0.81,45.22,,,2,2,,0.62623403
70,,,6,37.3,51.8,,1.11,,,282,5.18,0.81,45.22,,,2,2,,0.509963101
70,,,4,37.3,51.8,,1.11,,,282,5.18,0.81,45.22,,,2,2,,0.234228995
70,,,2,37.3,51.8,,1.11,,,282,5.18,0.81,45.22,,,2,2,,0.200189755
70,,,0.5,37.3,51.8,,1.11,,,282,5.18,0.81,45.22,,,2,2,,0.058818353
60,700,2,4,,,,,0.152,44.95,,5.77,0.86,43.05,,51.03,1,4,,0.135656214
60,600,2,4,,,,,0.142,47.45,,5.77,0.86,43.05,,51.03,1,4,,0.337049942
60,500,2,4,,,,,0.137,56.8,,5.77,0.86,43.05,,51.03,1,4,,0.090824623
60,700,2,4,,,,,0.166,64.56,,5.77,0.86,43.05,,51.03,1,4,,0.319396051
60,400,2,4,,,,,0.119,70.07,,5.77,0.86,43.05,,51.03,1,4,,0.09941928
60,700,2,4,,,,,0.188,74.03,,5.77,0.86,43.05,,51.03,1,4,,0.484320557
60,300,2,4,,,,,0.108,77.13,,5.77,0.86,43.05,,51.03,1,4,,0.044134727
60,500,2,4,,,,,0.147,78.96,,5.77,0.86,43.05,,51.03,1,4,,0.265969803
60,200,2,4,,,,,0.105,81.02,,5.77,,43.05,,51.03,1,4,,-0.03786295
60,600,2,4,,,,,0.18,82.28,,5.77,0.86,43.05,,51.03,1,4,,0.653890825
60,600,2,4,,,,,0.172,82.75,,5.77,0.86,43.05,,51.03,1,4,,0.837398374
60,400,2,4,,,,,0.134,83.59,,5.77,0.86,43.05,,51.03,1,4,,0.409988386
60,300,2,4,,,,,0.12,89,,5.77,0.86,43.05,,51.03,1,4,,0.333333333
60,500,2,4,,,,,0.173,91.1,,5.77,0.86,43.05,,51.03,1,4,,0.691056911
60,200,2,4,,,,,0.111,95.9,,5.77,,43.05,,51.03,1,4,,-0.008130081
60,400,2,4,,,,,0.146,100.76,,5.77,0.86,43.05,,51.03,1,4,,0.767711963
60,200,2,4,,,,,0.122,117.05,,5.77,0.86,43.05,,51.03,1,4,,0.442740999
60,300,2,4,,,,,0.134,123.25,,5.77,0.86,43.05,,51.03,1,4,,0.558420441
160,400,2,4,43,60.2,43,,1.88,1448,,5.01,,,,,2,2,,0.907049091
160,400,2,4,43,60.2,43,,1.88,1448,,5.37,,,,,2,2,,0.114128462
90,400,2,4,43,60.2,43,,1.88,1448,,5.01,,,,,2,2,,0.299311077
90,400,2,4,43,60.2,43,,1.88,1448,,5.37,,,,,2,2,,0.011441297
90,400,2,2,42,62.7,36.2,,0.34,199,,5.43,0.31,8.68,,13.93,1,4,,-0.001685784
90,400,2,2,40.8,51.2,30.3,,0.15,211,,5.43,0.31,8.68,,13.93,1,4,,-0.000747906
90,400,2,2,26.2,73.6,26.3,,0.441,345,,5.43,0.31,8.68,,13.93,1,4,,-0.226151724
90,400,2,2,24,73.5,24.3,,0.586,641,,5.43,0.31,8.68,,13.93,1,4,,0.215172737
90,400,2,2,40.8,51.2,30.3,,0.15,211,,6.2,0.36,5.09,,3.98,1,3,,-0.008747755
90,400,2,2,42,62.7,36.2,,0.34,199,,6.2,0.36,5.09,,3.98,1,3,,0.028437798
90,400,2,2,26.2,73.6,26.3,,0.441,345,,6.2,0.36,5.09,,3.98,1,3,,-0.031433106
90,400,2,2,24,73.5,24.3,,0.586,641,,6.2,0.36,5.09,,3.98,1,3,,0.080141782
90,400,2,2,43,60.2,43,,1.88,1448,,6.2,0.36,5.09,,3.98,1,3,,0.382981309
90,400,2,1,42,62.7,36.2,,0.34,199,,5.43,0.31,8.68,,13.93,1,4,,-0.001415374
90,400,2,1,40.8,51.2,30.3,,0.15,211,,5.43,0.31,8.68,,13.93,1,4,,-0.000510014
90,400,2,1,26.2,73.6,26.3,,0.441,345,,5.43,0.31,8.68,,13.93,1,4,,-0.186141318
90,400,2,1,24,73.5,24.3,,0.586,641,,5.43,0.31,8.68,,13.93,1,4,,0.0712941
90,400,2,1,43,60.2,43,,1.88,1448,,5.43,0.31,8.68,,13.93,1,4,,0.447774937
90,400,2,1,42,62.7,36.2,,0.34,199,,6.2,0.36,5.09,,3.98,1,3,,-0.002341565
90,400,2,1,26.2,73.6,26.3,,0.441,345,,6.2,0.36,5.09,,3.98,1,3,,-0.03106978
90,400,2,1,24,73.5,24.3,,0.586,641,,6.2,0.36,5.09,,3.98,1,3,,0.018093356
90,400,2,1,43,60.2,43,,1.88,1448,,6.2,0.36,5.09,,3.98,1,3,,0.168760344
90,400,2,0.1,43,60.2,43,,1.88,1448,,5.43,0.31,8.68,,13.93,1,4,,0.298972442
90,400,2,0.1,40.8,51.2,30.3,,0.15,211,,6.2,0.36,5.09,,3.98,1,3,,-0.005226295
60,400,2,4,43,60.2,43,,1.88,1448,,5.01,,,,,2,2,,0.309293108
60,400,2,4,43,60.2,43,,1.88,1448,,5.37,,,,,2,2,,0.112765403
345,450,4,0.2,,,,0.685,0.08,,,7.89,,27.4,,9.47,2,1,,0.539145907
345,450,4,0.2,,,,0.685,0.08,,,7.89,,27.4,,9.47,2,1,,0.527363184
345,450,4,0.2,,,,0.559,0.26,,,7.89,,27.4,,9.47,2,1,,0.449419569
345,450,4,0.2,,,,0.559,0.26,,,7.89,,27.4,,9.47,2,1,,0.391459075
345,450,4,0.2,,,,1.68,0.43,,,7.89,,27.4,,9.47,2,1,,0.549822064
345,450,4,0.2,,,,1.68,0.43,,,7.89,,27.4,,9.47,2,1,,0.43946932
130,,,,,45.8,,0.54,0.059,,,6.77,,15.41,1.16,,3,5,,1.215686275
130,,,,,45.8,,0.54,0.059,,,6.77,,15.41,1.16,,3,5,,0.575163399
63,500,0.5,1.7778,,,,0.49,0.038,287.12,,5.39,0.246,2.82,,,1,6,,0.772277228
63,500,0.5,1.7778,,,,0.49,0.038,287.12,,7.94,0.223,7.79,,,1,1,,0.478899083
63,500,0.5,1.7778,,,,0.49,0.038,287.12,,8.35,0.38,15.25,,,1,4,,0.51572327
63,500,0.5,0.8889,,,,0.49,0.038,287.12,,5.39,0.246,2.82,,,1,6,,0.356435644
63,500,0.5,0.8889,,,,0.49,0.038,287.12,,7.94,0.223,7.79,,,1,1,,0.28440367
63,500,0.5,0.8889,,,,0.49,0.038,287.12,,8.35,0.38,15.25,,,1,4,,0.237421384
63,500,0.5,0.4444,,,,0.49,0.038,287.12,,5.39,0.246,2.82,,,1,6,,0.04950495
63,500,0.5,0.4444,,,,0.49,0.038,287.12,,7.94,0.223,7.79,,,1,1,,0.130275229
63,500,0.5,0.4444,,,,0.49,0.038,287.12,,8.35,0.38,15.25,,,1,4,,0.147798742
49,500,0.5,1.7778,,,,0.49,0.038,287.12,,5.39,0.246,2.82,,,1,6,,0.977142857
49,500,0.5,1.7778,,,,0.49,0.038,287.12,,7.94,0.223,7.79,,,1,1,,0.571678322
49,500,0.5,1.7778,,,,0.49,0.038,287.12,,8.35,0.38,15.25,,,1,4,,0.324570273
49,500,0.5,0.8889,,,,0.49,0.038,287.12,,5.39,0.246,2.82,,,1,6,,0.588571429
49,500,0.5,0.8889,,,,0.49,0.038,287.12,,7.94,0.223,7.79,,,1,1,,0.63986014
49,500,0.5,0.8889,,,,0.49,0.038,287.12,,8.35,0.38,15.25,,,1,4,,0.122345804
49,500,0.5,0.4444,,,,0.49,0.038,287.12,,5.39,0.246,2.82,,,1,6,,0.108571429
49,500,0.5,0.4444,,,,0.49,0.038,287.12,,7.94,0.223,7.79,,,1,1,,0.246503497
49,500,0.5,0.4444,,,,0.49,0.038,287.12,,8.35,0.38,15.25,,,1,4,,0.061678463
35,500,0.5,1.7778,,,,0.49,0.038,287.12,,5.39,0.246,2.82,,,1,6,,0.718446602
35,500,0.5,1.7778,,,,0.49,0.038,287.12,,7.94,0.223,7.79,,,1,1,,0.329192547
35,500,0.5,1.7778,,,,0.49,0.038,287.12,,8.35,0.38,15.25,,,1,4,,0.315384615
35,500,0.5,0.8889,,,,0.49,0.038,287.12,,5.39,0.246,2.82,,,1,6,,0.247572816
35,500,0.5,0.8889,,,,0.49,0.038,287.12,,7.94,0.223,7.79,,,1,1,,0.391304348
35,500,0.5,0.8889,,,,0.49,0.038,287.12,,8.35,0.38,15.25,,,1,4,,0.2
35,500,0.5,0.4444,,,,0.49,0.038,287.12,,5.39,0.246,2.82,,,1,6,,0.169902913
35,500,0.5,0.4444,,,,0.49,0.038,287.12,,7.94,0.223,7.79,,,1,1,,0.131677019
35,500,0.5,0.4444,,,,0.49,0.038,287.12,,8.35,0.38,15.25,,,1,4,,0.084615385
21,500,0.5,1.7778,,,,0.49,0.038,287.12,,5.39,0.246,2.82,,,1,6,,0.490506329
21,500,0.5,1.7778,,,,0.49,0.038,287.12,,7.94,0.223,7.79,,,1,1,,0.257545272
21,500,0.5,1.7778,,,,0.49,0.038,287.12,,8.35,0.38,15.25,,,1,4,,0.325153374
21,500,0.5,0.8889,,,,0.49,0.038,287.12,,5.39,0.246,2.82,,,1,6,,0.17721519
21,500,0.5,0.8889,,,,0.49,0.038,287.12,,7.94,0.223,7.79,,,1,1,,0.29778672
21,500,0.5,0.8889,,,,0.49,0.038,287.12,,8.35,0.38,15.25,,,1,4,,0.147239264
21,500,0.5,0.4444,,,,0.49,0.038,287.12,,5.39,0.246,2.82,,,1,6,,0.079113924
21,500,0.5,0.4444,,,,0.49,0.038,287.12,,7.94,0.223,7.79,,,1,1,,0.116700201
21,500,0.5,0.4444,,,,0.49,0.038,287.12,,8.35,0.38,15.25,,,1,4,,0.049079755
14,500,0.5,1.7778,,,,0.49,0.038,287.12,,5.39,0.246,2.82,,,1,6,,0.632286996
14,500,0.5,1.7778,,,,0.49,0.038,287.12,,7.94,0.223,7.79,,,1,1,,0.341127923
14,500,0.5,1.7778,,,,0.49,0.038,287.12,,8.35,0.38,15.25,,,1,4,,0.25
14,500,0.5,0.8889,,,,0.49,0.038,287.12,,5.39,0.246,2.82,,,1,6,,0.170403587
14,500,0.5,0.8889,,,,0.49,0.038,287.12,,7.94,0.223,7.79,,,1,1,,0.389270977
14,500,0.5,0.8889,,,,0.49,0.038,287.12,,8.35,0.38,15.25,,,1,4,,0.1
14,500,0.5,0.4444,,,,0.49,0.038,287.12,,5.39,0.246,2.82,,,1,6,,0.098654709
14,500,0.5,0.4444,,,,0.49,0.038,287.12,,7.94,0.223,7.79,,,1,1,,0.116918845
14,500,0.5,0.4444,,,,0.49,0.038,287.12,,8.35,0.38,15.25,,,1,4,,0.05
7,500,0.5,1.7778,,,,0.49,0.038,287.12,,5.39,0.246,2.82,,,1,6,,0.708695652
7,500,0.5,1.7778,,,,0.49,0.038,287.12,,8.35,0.38,15.25,,,1,4,,0.307692308
7,500,0.5,1.7778,,,,0.49,0.038,287.12,,7.94,0.223,7.79,,,1,1,,0.573729864
7,500,0.5,0.8889,,,,0.49,0.038,287.12,,5.39,0.246,2.82,,,1,6,,0.147826087
7,500,0.5,0.8889,,,,0.49,0.038,287.12,,8.35,0.38,15.25,,,1,4,,0.06993007
7,500,0.5,0.8889,,,,0.49,0.038,287.12,,7.94,0.223,7.79,,,1,1,,0.425030979
7,500,0.5,0.4444,,,,0.49,0.038,287.12,,7.94,0.223,7.79,,,1,1,,0.083023544
7,500,0.5,0.4444,,,,0.49,0.038,287.12,,8.35,0.38,15.25,,,1,4,,0.020979021
95,,,1,,33.2,,0.26,0.58,,,8.36,0.26,4.38,,,3,5,,0.126126126
95,,,0.6,,33.2,,0.26,0.58,,,8.36,0.26,4.38,,,3,5,,0.816816817
95,,,0.2,,33.2,,0.26,0.58,,,8.36,0.26,4.38,,,3,5,,0.36036036
45,,,1,,33.2,,0.26,0.58,,,8.36,0.26,4.38,,,3,5,,0.158878505
45,,,0.6,,33.2,,0.26,0.58,,,8.36,,4.38,,,3,5,,1.289719626
45,,,0.2,,33.2,,0.26,0.58,,,8.36,0.26,4.38,,,3,5,,0.588785047
30,,,1,,33.2,,0.26,0.58,,,8.36,0.26,4.38,,,3,5,,0.885913853
30,,,0.6,,33.2,,0.26,0.58,,,8.36,,4.38,,,3,5,,1.142025611
30,,,0.2,,33.2,,0.26,0.58,,,8.36,0.26,4.38,,,3,5,,0.920838184
80,700,,6,,,59.42,0.656,0.6119,690,,8.98,0.979,11.04,,3.68,1,2,220,1.115347298
80,700,,3,,,59.42,0.656,0.6119,690,,8.98,0.979,11.04,,3.68,1,2,220,0.963422464
80,700,,1,,,59.42,0.656,0.6119,690,,8.98,0.979,11.04,,3.68,1,2,220,0.668683294
80,700,,0.5,,,59.42,0.656,0.6119,690,,8.98,0.979,11.04,,3.68,1,2,220,0.405627533
5,700,,6,,,59.42,0.656,0.6119,690,,8.98,0.979,11.04,,3.68,1,2,220,1.461809062
5,700,,6,,,59.42,0.656,0.6119,690,,8.98,,11.04,,3.68,2,2,220,-0.008381537
5,700,,3,,,59.42,0.656,0.6119,690,,8.98,0.979,11.04,,3.68,1,2,220,0.860905216
5,700,,3,,,59.42,0.656,0.6119,690,,8.98,0.979,11.04,,3.68,2,2,220,1.939440444
5,700,,1,,,59.42,0.656,0.6119,690,,8.98,0.979,11.04,,3.68,1,2,220,0.393181779
5,700,,1,,,59.42,0.656,0.6119,690,,8.98,0.979,11.04,,3.68,2,2,220,2.305394877
5,700,,0.5,,,59.42,0.656,0.6119,690,,8.98,0.979,11.04,,3.68,1,2,220,0.277479158
5,700,,0.5,,,59.42,0.656,0.6119,690,,8.98,0.979,11.04,,3.68,2,2,220,2.588714437
120,,,0.333,,,,0.26,0.58,,,,0.45,4.58,,5.69,2,4,,3.256926952
120,,,0.333,,,,0.26,0.58,,,,0.45,4.58,,5.69,2,4,,3.093198992
120,,,0.333,,,,0.26,0.58,,,,0.45,4.58,,5.69,2,4,,2.513853904
168,600,,12,6.36,49.9,,0.532,,,,5.96,0.344,8.34,,,2,6,,0.503311258
168,600,,8,6.36,49.9,,0.532,,,,5.96,0.344,8.34,,,2,6,,0.225165563
168,600,,4,6.36,49.9,,0.532,,,,5.96,0.344,8.34,,,2,6,,0.112582781
168,600,,1,6.36,49.9,,0.532,,,,5.96,0.344,8.34,,,2,6,,0.17218543
120,600,1,4,,,27.25,0.0386,0.0581,,71.22,6.8,,6.89,0.5383,,2,5,,0.894994722
120,600,1,4,,,27.25,0.0386,0.0581,,71.22,6.8,,6.89,0.5383,,2,5,,0.607763904
120,600,1,4,,,29.12,0.0297,0.0622,,70.4,6.8,,6.89,0.5383,,2,5,,0.397250568
120,600,1,4,,,29.12,0.0297,0.0622,,70.4,6.8,,6.89,0.5383,,2,5,,0.218248881
120,600,1,4,,,28.25,0.0266,0.0781,,65.22,6.8,,6.89,0.5383,,2,5,,0.941147975
120,600,1,4,,,28.25,0.0266,0.0781,,65.22,6.8,,6.89,0.5383,,2,5,,0.737527362
120,600,1,4,,,30.5,0.036,0.0875,,78.35,6.8,,6.89,0.5383,,2,5,,0.912094321
120,600,1,4,,,30.5,0.036,0.0875,,78.35,6.8,,6.89,0.5383,,2,5,,0.477902162
150,500,6,4,,,,,1.06,,,5.52,0.63,30.88,,,1,5,,2.740284974
150,500,6,2,,,,,1.06,,,5.52,0.63,30.88,,,1,5,,1.372733161
150,500,6,0.8,,,,,1.06,,,5.52,0.63,30.88,,,1,5,,0.464702073
